S04100,John Doe,john04100@example.com,123 Main St,2025-07-25

S04101,John Doe,john04101@example.com,123 Main St,2025-07-25

S04102,John Doe,john04102@example.com,123 Main St,2025-07-25

S04103,John Doe,john04103@example.com,123 Main St,2025-07-25

S04104,John Doe,john04104@example.com,123 Main St,2025-07-25

S04105,John Doe,john04105@example.com,123 Main St,2025-07-25

S04106,John Doe,john04106@example.com,123 Main St,2025-07-25

S04107,John Doe,john04107@example.com,123 Main St,2025-07-25

S04108,John Doe,john04108@example.com,123 Main St,2025-07-25

S04109,John Doe,john04109@example.com,123 Main St,2025-07-25

S04110,John Doe,john04110@example.com,123 Main St,2025-07-25

S04111,John Doe,john04111@example.com,123 Main St,2025-07-25

S04112,John Doe,john04112@example.com,123 Main St,2025-07-25

S04113,John Doe,john04113@example.com,123 Main St,2025-07-25

S04114,John Doe,john04114@example.com,123 Main St,2025-07-25

S04115,John Doe,john04115@example.com,123 Main St,2025-07-25

S04116,John Doe,john04116@example.com,123 Main St,2025-07-25

S04117,John Doe,john04117@example.com,123 Main St,2025-07-25

S04118,John Doe,john04118@example.com,123 Main St,2025-07-25

S04119,John Doe,john04119@example.com,123 Main St,2025-07-25

S04120,John Doe,john04120@example.com,123 Main St,2025-07-25

S04121,John Doe,john04121@example.com,123 Main St,2025-07-25

S04122,John Doe,john04122@example.com,123 Main St,2025-07-25

S04123,John Doe,john04123@example.com,123 Main St,2025-07-25

S04124,John Doe,john04124@example.com,123 Main St,2025-07-25

S04125,John Doe,john04125@example.com,123 Main St,2025-07-25

S04126,John Doe,john04126@example.com,123 Main St,2025-07-25

S04127,John Doe,john04127@example.com,123 Main St,2025-07-25

S04128,John Doe,john04128@example.com,123 Main St,2025-07-25

S04129,John Doe,john04129@example.com,123 Main St,2025-07-25

S04130,John Doe,john04130@example.com,123 Main St,2025-07-25

S04131,John Doe,john04131@example.com,123 Main St,2025-07-25

S04132,John Doe,john04132@example.com,123 Main St,2025-07-25

S04133,John Doe,john04133@example.com,123 Main St,2025-07-25

S04134,John Doe,john04134@example.com,123 Main St,2025-07-25

S04135,John Doe,john04135@example.com,123 Main St,2025-07-25

S04136,John Doe,john04136@example.com,123 Main St,2025-07-25

S04137,John Doe,john04137@example.com,123 Main St,2025-07-25

S04138,John Doe,john04138@example.com,123 Main St,2025-07-25

S04139,John Doe,john04139@example.com,123 Main St,2025-07-25

S04140,John Doe,john04140@example.com,123 Main St,2025-07-25

S04141,John Doe,john04141@example.com,123 Main St,2025-07-25

S04142,John Doe,john04142@example.com,123 Main St,2025-07-25

S04143,John Doe,john04143@example.com,123 Main St,2025-07-25

S04144,John Doe,john04144@example.com,123 Main St,2025-07-25

S04145,John Doe,john04145@example.com,123 Main St,2025-07-25

S04146,John Doe,john04146@example.com,123 Main St,2025-07-25

S04147,John Doe,john04147@example.com,123 Main St,2025-07-25

S04148,John Doe,john04148@example.com,123 Main St,2025-07-25

S04149,John Doe,john04149@example.com,123 Main St,2025-07-25

S04150,John Doe,john04150@example.com,123 Main St,2025-07-25

S04151,John Doe,john04151@example.com,123 Main St,2025-07-25

S04152,John Doe,john04152@example.com,123 Main St,2025-07-25

S04153,John Doe,john04153@example.com,123 Main St,2025-07-25

S04154,John Doe,john04154@example.com,123 Main St,2025-07-25

S04155,John Doe,john04155@example.com,123 Main St,2025-07-25

S04156,John Doe,john04156@example.com,123 Main St,2025-07-25

S04157,John Doe,john04157@example.com,123 Main St,2025-07-25

S04158,John Doe,john04158@example.com,123 Main St,2025-07-25

S04159,John Doe,john04159@example.com,123 Main St,2025-07-25

S04160,John Doe,john04160@example.com,123 Main St,2025-07-25

S04161,John Doe,john04161@example.com,123 Main St,2025-07-25

S04162,John Doe,john04162@example.com,123 Main St,2025-07-25

S04163,John Doe,john04163@example.com,123 Main St,2025-07-25

S04164,John Doe,john04164@example.com,123 Main St,2025-07-25

S04165,John Doe,john04165@example.com,123 Main St,2025-07-25

S04166,John Doe,john04166@example.com,123 Main St,2025-07-25

S04167,John Doe,john04167@example.com,123 Main St,2025-07-25

S04168,John Doe,john04168@example.com,123 Main St,2025-07-25

S04169,John Doe,john04169@example.com,123 Main St,2025-07-25

S04170,John Doe,john04170@example.com,123 Main St,2025-07-25

S04171,John Doe,john04171@example.com,123 Main St,2025-07-25

S04172,John Doe,john04172@example.com,123 Main St,2025-07-25

S04173,John Doe,john04173@example.com,123 Main St,2025-07-25

S04174,John Doe,john04174@example.com,123 Main St,2025-07-25

S04175,John Doe,john04175@example.com,123 Main St,2025-07-25

S04176,John Doe,john04176@example.com,123 Main St,2025-07-25

S04177,John Doe,john04177@example.com,123 Main St,2025-07-25

S04178,John Doe,john04178@example.com,123 Main St,2025-07-25

S04179,John Doe,john04179@example.com,123 Main St,2025-07-25

S04180,John Doe,john04180@example.com,123 Main St,2025-07-25

S04181,John Doe,john04181@example.com,123 Main St,2025-07-25

S04182,John Doe,john04182@example.com,123 Main St,2025-07-25

S04183,John Doe,john04183@example.com,123 Main St,2025-07-25

S04184,John Doe,john04184@example.com,123 Main St,2025-07-25

S04185,John Doe,john04185@example.com,123 Main St,2025-07-25

S04186,John Doe,john04186@example.com,123 Main St,2025-07-25

S04187,John Doe,john04187@example.com,123 Main St,2025-07-25

S04188,John Doe,john04188@example.com,123 Main St,2025-07-25

S04189,John Doe,john04189@example.com,123 Main St,2025-07-25

S04190,John Doe,john04190@example.com,123 Main St,2025-07-25

S04191,John Doe,john04191@example.com,123 Main St,2025-07-25

S04192,John Doe,john04192@example.com,123 Main St,2025-07-25

S04193,John Doe,john04193@example.com,123 Main St,2025-07-25

S04194,John Doe,john04194@example.com,123 Main St,2025-07-25

S04195,John Doe,john04195@example.com,123 Main St,2025-07-25

S04196,John Doe,john04196@example.com,123 Main St,2025-07-25

S04197,John Doe,john04197@example.com,123 Main St,2025-07-25

S04198,John Doe,john04198@example.com,123 Main St,2025-07-25

S04199,John Doe,john04199@example.com,123 Main St,2025-07-25
